Book Name,Author,Rating,Customers_Rated,Price
My First Library: Boxset of 10 Board Books for Kids,Wonder House Books,4.5 out of 5 stars,"27,035",₹399.00
Ikigai: The Japanese secret to a long and happy life,Héctor García,4.6 out of 5 stars,"16,704",₹299.00
The Psychology of Money,Morgan Housel,4.6 out of 5 stars,"11,681",₹295.00
My First Book of Pencil Control : Practice Pattern Writing (Full Color Pages): Patterns Practice book for kids (Pattern…,Wonder House Books,4.4 out of 5 stars,"6,688",₹89.00
Word Power Made Easy,Norman Lewis,4.4 out of 5 stars,"22,773",₹90.00
Sach Kahun Toh: An Autobiography,Neena Gupta,4.9 out of 5 stars,13,₹381.00
Rich Dad Poor Dad: What the Rich Teach Their Kids About Money That the Poor and Middle Class Do Not!,Robert T. Kiyosaki,4.6 out of 5 stars,"43,186",₹302.00
World’s Greatest Books For Personal Growth & Wealth (Set of 4 Books): Perfect Motivational Gift Set,Dale Carnegie,4.5 out of 5 stars,"7,944",₹299.00
The Alchemist,Paulo Coelho,4.6 out of 5 stars,"57,647",₹224.00
Very First Sight Words Sentences Level - 1,Dreamland Publications,4.5 out of 5 stars,"4,052",₹140.00
"Karma: A Yogi's Guide to Crafting Your Destiny NEW YORK TIMES, USA TODAY, and PUBLISHERS WEEKLY BESTSELLER , must-read…",Sadhguru,4.7 out of 5 stars,"1,653",₹218.00
"Grandma's Bag of Stories: Collection of 20+ Illustrated short stories, traditional Indian folk tales for all ages for…",Sudha Murty,4.6 out of 5 stars,"6,402",₹206.00
Indian Polity - For Civil Services and Other State Examinations | 6th Edition,M. Laxmikanth,4.6 out of 5 stars,"10,648",₹605.00
Atomic Habits: The life-changing million copy bestseller,James Clear,4.6 out of 5 stars,"21,470",₹646.00
101 Panchatantra Stories for Children: Colourful Illustrated Stories,Om Books Editorial Team,4.5 out of 5 stars,"1,778",₹135.00
Quantitative Aptitude for Competitive Examinations,R S Aggarwal,4.4 out of 5 stars,"13,565",₹473.00
Picture Books Collection for Early Learning (Set of 12),E C Axus,4.2 out of 5 stars,"7,085",₹229.00
Objective NCERT at your FINGERTIPS for NEET-AIIMS - Biology,MTG Editorial Board,4.6 out of 5 stars,"2,217",₹560.00
The Power of your Subconscious Mind,Joseph Murphy,4.5 out of 5 stars,"34,156",₹149.00
Oxford Student Atlas for India - Third Edition,Oxford University Press,4.6 out of 5 stars,"6,844",₹245.00
Sapiens: A Brief History of Humankind,Yuval Noah Harari,4.7 out of 5 stars,"34,676",₹335.00
As a Man Thinketh,James Allen,4.4 out of 5 stars,"2,626",₹59.00
Pathfinder NDA/NA National Defence Academy & Naval Academy Entrance Examination,Arihant Experts,4.5 out of 5 stars,"1,087",₹480.00
The Monk Who Sold His Ferrari,Robin Sharma,4.5 out of 5 stars,"14,717",₹157.00
"Writing Practice Boxset: Pack of 4 Books (Writing Fun: Write and Practice Capital Letters, Small Letters, Patterns and…",Wonder House Books,4.4 out of 5 stars,"3,512",₹159.00
Lines and Curves (Pattern Writing) - Part 1,Dreamland Publications,4.4 out of 5 stars,"3,205",₹65.00
Great Stories for Children,Ruskin Bond,4.5 out of 5 stars,"4,889",₹141.00
26 Years UPSC IAS/ IPS Prelims Topic-wise Solved Papers 1 & 2 (1995 - 2020) 11th Edition,Mrunal Patel,4.5 out of 5 stars,"2,764",₹318.00
Moral Story Books for Kids (Pack of 10 Books) | 160 Total Pages | Illustrated Stories,Young Angels Publishing,4.3 out of 5 stars,823,₹225.00
Colour with Crayons Part - 1,Dreamland Publications,4.2 out of 5 stars,"2,773",₹56.00
Attitude Is Everything: Change Your Attitude ... Change Your Life!,Jeff Keller,4.5 out of 5 stars,"10,038",₹159.00
The Intelligent Investor (English) Paperback – 2013,Benjamin Graham,4.5 out of 5 stars,"25,126",₹494.00
Man's Search For Meaning: The classic tribute to hope from the Holocaust,Viktor E Frankl,4.5 out of 5 stars,"32,518",₹220.00
My Activity- ABC Writing Book,Dreamland Publications,4.4 out of 5 stars,"1,391",₹65.00
101 Brain Booster Activity Book: Fun Activity Book For Children,Wonder House Books,4.4 out of 5 stars,"1,530",₹129.00
One Arranged Murder,Chetan Bhagat,4.3 out of 5 stars,"10,731",₹145.00
Believe: What Life and Cricket Taught Me,Suresh Raina,4.7 out of 5 stars,16,₹275.00
General Knowledge,Dr. Binay Karna,4.4 out of 5 stars,"12,563",₹168.00
How to Prepare for QUANTITATIVE APTITUDE for CAT | 9th Edition,Arun Sharma,4.6 out of 5 stars,14,₹808.00
Pride & Prejudice,Jane Austen,4.5 out of 5 stars,"21,149",₹99.00
Best of Children’s Classics (Set of 5 Books): Perfect Gift Set for Kids,Antoine de Saint-Exupéry,4.4 out of 5 stars,863,₹499.00
Wuthering Heights,Emily Brontë,4.5 out of 5 stars,"11,981",₹99.00
The Richest Man in Babylon,George S. Clason,4.5 out of 5 stars,"18,953",₹97.00
A Modern Approach to Verbal & Non-Verbal Reasoning (2 Colour Edition),R.S. Aggarwal,4.4 out of 5 stars,"5,928",₹550.00
The Subtle Art of Not Giving a F*ck: A Counterintuitive Approach to Living a Good Life,Mark Manson,4.5 out of 5 stars,"49,638",₹323.00
Life's Amazing Secrets: How to Find Balance and Purpose in Your Life,Gaur Gopal Das,4.6 out of 5 stars,"8,601",₹175.00
Think Like a Monk: The secret of how to harness the power of positivity and be happy now,Jay Shetty,4.7 out of 5 stars,"14,909",₹299.00
My Activity- ABC Colouring Book,Dreamland Publications,4.4 out of 5 stars,"1,922",₹78.00
"The Silent Patient: The record-breaking, multimillion copy Sunday Times bestselling thriller and Richard & Judy book…",Alex Michaelides,4.5 out of 5 stars,"72,924",₹288.00
Apke Avchetan Man Ki Shakti (The Power of your Subconscious Mind in Hindi),Joseph Murphy,4.4 out of 5 stars,"3,445",₹97.00
Wren & Martin High School English Grammar and Composition Book (Regular Edition),Rao N,4.5 out of 5 stars,"4,932",₹332.00
My First All in One: Bilingual Picture Book for Kids Hindi-English,Wonder House Books,4.4 out of 5 stars,975,₹99.00
My First Complete Learning Library: Boxset of 20 Board Books Gift Set for Kids (Horizontal Design),Wonder House Books,4.6 out of 5 stars,"5,203",₹790.00
How to Win Friends and Influence People,Dale Carnegie,4.5 out of 5 stars,"50,451",₹95.00
The Diary of a Young Girl,Anne Frank,4.6 out of 5 stars,"3,127",₹97.00
Mathematics for Class 10 by R D Sharma (Examination 2021-22),R.D. Sharma,4.6 out of 5 stars,"2,167",₹447.00
Peppa Pig: Little Library,Peppa Pig,4.3 out of 5 stars,"14,124",₹198.00
Capital Letters ABC: Write and practice Capital Letters A to Z book for kids (Writing Fun),Wonder House Books,4.3 out of 5 stars,"1,231",₹42.00
Amazon Brand - Solimo Board Books for Kids (Set of 10),Solimo,4.5 out of 5 stars,"4,445",₹480.00
Mahatma Gandhi Autobiography: The Story Of My Experiments With Truth,Mahatma Gandhi,4.5 out of 5 stars,"3,330",₹99.00
Think & Grow Rich,Napoleon Hill,4.5 out of 5 stars,"50,673",₹97.00
"The Magic of the Lost Temple: Illustrated, easy to read and much-loved first full length children’s fiction novel by…",Sudha Murty,4.7 out of 5 stars,"2,935",₹145.00
Mandala: Colouring Books for Adults with Tear Out Sheets (Adult Colouring Book),Wonder House Books,4.5 out of 5 stars,"1,420",₹125.00
Mandala Art: Colouring Books for Adults with Tear Out Sheets (Adult Colouring Book),Wonder House Books,4.6 out of 5 stars,"1,476",₹125.00
"The 5 AM Club: Own Your Morning, Elevate Your Life",Robin Sharma,4.4 out of 5 stars,"13,002",₹247.00
All In One - Writing Book (Practice),Maple Press,4.4 out of 5 stars,"1,588",₹133.00
Harry Potter and the Philosopher's Stone,J.K. Rowling,4.7 out of 5 stars,"28,769",₹279.00
1001 Activities Book,Dreamland Publications,4.5 out of 5 stars,"4,817",₹315.00
India & World Map ( Both Political & Physical ) with Constitution of India Chart & History of India Chart | NON…,Vidya Chitr Prakashan,4.6 out of 5 stars,425,₹160.00
"Three Thousand Stitches: Ordinary People, Extraordinary Lives",Sudha Murty,4.6 out of 5 stars,"3,712",₹163.00
A Brief History of Modern India - 2020-21/edition,Rajiv Ahir,4.4 out of 5 stars,708,₹255.00
505 Activities for Kids,Dreamland Publications,4.4 out of 5 stars,"3,653",₹193.00
A Man Called Ove: The life-affirming bestseller that will brighten your day,Fredrik Backman,4.6 out of 5 stars,"27,553",₹256.00
You Can Coach,Siddharth Rajsekar,-1,0,₹950.00
"My First Mythology Tale (Illustrated) (Set of 5 Books) - Mahabharata, Krishna, Hanuman, Ganesha, Ramayana - Story Book…",Maple Press,4.4 out of 5 stars,615,₹185.00
The Theory of Everything: The Origin and Fate of the Universe,Stephen Hawking,4.6 out of 5 stars,"6,308",₹169.00
Hindi Sulekh - Varanmala - Handwriting Practice Workbook for Kids 3-6 Years Old,Maple Press,4.5 out of 5 stars,548,₹86.00
"Thinking, Fast and Slow (Penguin Press Non-Fiction)",Daniel Kahneman,4.4 out of 5 stars,"19,490",₹359.00
Mathematics for Class 11 (set of 2 volumes) Examination 2021-22: Vol. 2,R.D. Sharma,4.6 out of 5 stars,"1,040",₹600.00
Quiet: The power of introverts in a world that can't stop talking,Susan Cain,4.4 out of 5 stars,"13,465",₹290.00
Certificate Physical And Human Geography; Indian Edition,Goh Cheng Leong,4.5 out of 5 stars,"6,793",₹274.00
"NCERT BOOK , Hornbill Textbook in English ,Snapshots Supplementary Reader in English for Class-XI (Core Course) ,[COMBO…",NCERT,4.4 out of 5 stars,167,₹70.00
Mathematics for Class 9 by R D Sharma (Examination 2021-22),R.D. Sharma,4.6 out of 5 stars,"1,498",₹415.00
Objective NCERT at your Fingertips for NEET-AIIMS - Chemistry,MTG Editorial Board,4.5 out of 5 stars,"1,825",₹510.00
Metamorphosis,Franz Kafka,4.5 out of 5 stars,"3,459",₹69.00
"Brain Games for Clever Kids: Puzzles to Exercise Your Mind (Buster Brain Games, 1)",Gareth Moore,4.3 out of 5 stars,"5,043",₹199.00
How to Prepare for Verbal Ability and Reading Comprehension for CAT | 9th Edition,Arun Sharma,4.5 out of 5 stars,949,₹649.00
CBSE All In One Social Science Class 10 for 2022 Exam,Farah Sultan Madhumitta Pattrea,4.1 out of 5 stars,139,₹345.00
Concept of Physics Part-1 & 2 (2020-2021 Session),H C Verma,4.6 out of 5 stars,69,₹860.00
Bhagavad Gita: Yatharoop (Hindi),A.C. Bhaktivendanta Swami Prabhupada,4.7 out of 5 stars,"7,293",₹209.00
My Activity- Phonics Activity Book,Dreamland Publications,4.4 out of 5 stars,"1,369",₹65.00
CBSE All In One English Core Class 12 for 2022 Exam,Nandini Sharma Srishti Agarwal,-1,0,₹355.00
Autobiography of a Yogi,Paramahansa Yogananda,4.6 out of 5 stars,"3,754",₹97.00
Objective General English,S.P. Bakshi,4.3 out of 5 stars,"7,996",₹203.00
Spoken English Course (Telugu),Vashista 360,4.3 out of 5 stars,"2,103",₹337.00
Indian Art and Culture for Civil Services and other Competitive Examinations,Nitin Singhania,4.6 out of 5 stars,"3,202",₹525.00
CBSE All In One English Language & Literature Class 10 for 2022 Exam,Nandini Sharma Srishti Agarwal,4.3 out of 5 stars,83,₹347.00
My Big Book of Creative Crayons,Wonder House Books,4.4 out of 5 stars,187,₹149.00
A Brief History of Modern India (2019-2020 Edition) by Spectrum Books,Spectrum Books Pvt.Ltd.,4.5 out of 5 stars,"6,706",₹381.00
"Tuesdays With Morrie: An old man, a young man, and life's greatest lesson",Mitch Albom,4.6 out of 5 stars,"10,518",₹203.00
