Name,Price
Jameson Irish Whiskey - 70cl - 4...,"₦6,490"
Pasta Spaghetti - Carton,"₦4,970"
Del Diablo - Cabernet Sauvignon,"₦2,900"
Macaroni - 500g,"₦4,800"
Knorr Seasoning Cube - 50 X 8g,₦680
Johnnie Walker Black Label - 70c...,"₦9,000"
Royco Beef Seasoning Cubes Twin ...,₦840
Coca-Cola Coke Pet Bottle 35cl -...,"₦1,080"
Knorr Seasoning Cubes Twin Pack,"₦1,150"
Tasty Tom Tomato - 70g X 50,"₦6,500"
Big Bull 10kg,"₦6,050"
Pepsi 50cl Pack X 12,"₦1,105"
Pepsi Max 50cl Pack X 12,"₦2,500"
Vodka - 75cl (Single Bottle),"₦13,670"
Devon Vegetable Oil - 25L,"₦22,500"
Glenfiddich 12 Year Old Single B...,"₦11,520"
Johnnie Walker Red Label - 70cl ...,"₦4,410"
Campari Bitters - 100cl - Single...,"₦5,750"
Noodles 70g - 1 Carton,"₦2,090"
Nestle Bundle 1 + Free Golden Mo...,"₦5,400"
Hennessy VS - 35cl - 40% Acl. - ...,"₦7,660"
Knorr Beef Cubes 50x8g,₦600
Knorr Chicken Powder - 400g,₦600
Schweppes Soda Water - 24 Cans-3...,"₦3,060"
Moet & Chandon Brut Imperial - 7...,"₦24,030"
Macallan 15 Year Old (1 X70cl),"₦25,061"
Veuve Clicquot Clicquot Brut - 7...,"₦26,730"
Hennessy VS Cognac - 70cl - Sin...,"₦15,320"
Moet & Chandon Ice Imperial Cha...,"₦33,800"
Cheerful Foods Unripe Plantain F...,"₦1,850"
Fibroid Herbal Tea - 25 Teabags,"₦2,300"
Nespresso Ispirazione Firenze Ar...,"₦4,200"
Lipton Yellow Label Tea Twin Pac...,₦501
Lipton America'S Favorite Tea - ...,"₦3,200"
Lungs Detox Tea - 20 Sachets,"₦3,800"
Soya Custard Powder - 400g,₦600
Oluji Cocoa Powder - 250g,"₦1,500"
Fit Tea- Premium Organic Herbal ...,"₦2,400"
Martell Vs Single Distillery -70...,"₦12,675"
1 Big Bull 10kg + 1 Mamador 0.9L...,"₦8,400"
Hygienically Fried Dried Cow Ski...,"₦3,499"
Dangote Sugar - 1kg,₦700
Absolut Vodka 1L 40% Acl. - Sin...,"₦3,510"
Carlo Rossi Red - 75cl 11.50% A...,"₦2,880"
Jianxi Blood Pressure Normalizer...,"₦2,100"
Ginger Powder 120g,"₦1,300"
Devon King'S Vegetable Oil - 5L...,"₦5,000"
"Andre Rose - 75cl, 10% Acl","₦3,655"
Nestle Revive Bundle + Free Nest...,"₦8,000"
Starbucks Single-Origin Colombia...,"₦3,900"
Crunchy Kuli Kuli 200g,"₦1,250"
Sweet Additions Calories Free St...,"₦4,190"
Health Aid 28 Days Detox Tea,"₦4,620"
28 Days Detox Flat Tummy Tea - 1...,"₦2,999"
28 Days Detox Flat Tummy Tea & S...,"₦5,300"
Moet Nectar Imperial Luminous Ch...,"₦23,420"
Breakfast Bundle For Family,"₦15,000"
Arm & Hammer Pure Baking Soda -2...,"₦1,500"
Smirnoff Vodka Red - 1Ltr 40% A...,"₦3,865"
Tomato Paste - 830g,"₦1,885"
Smoked Catfish Steaks - 1 Carton...,"₦37,000"
Womb Care Cleansing Tea,"₦2,600"
Great Diamond Ultra Fibroid Remo...,"₦1,900"
Ginseng Instant Tea 2 Packets(12...,"₦1,900"
All Natural Eye Bright Herbal Te...,"₦1,699"
Dangote Sugar - 1kg - 2 Pieces,"₦1,500"
Now Food Erythritol - 454g,"₦8,350"
Robertson Sweet 750ml Red,"₦1,930"
Mamador Buy And Win - 500ml X 3c...,"₦1,800"
Smirnoff X1 Intense Chocolate Vo...,"₦1,513"
Kirkland Signature Organic Extra...,"₦11,999"
Marvel Dried Skimmed Milk - 175g...,"₦1,800"
Claymore Whisky,"₦2,600"
Madagascar Bourbon Pure Vanilla ...,"₦12,400"
Vidalia Onion Vinegarette Salad ...,"₦7,500"
Crownfield Fruit & Fibre - 750g,"₦2,999"
PZ Devon King'S 1L Cooking Oil -...,"₦1,200"
Tumeric Powder 120g,"₦1,300"
Sonia Tomato Mix - 400g X 3,"₦1,350"
Vision Care Eye-Bright Herbal Te...,"₦2,999"
Uterine Fibroid Herbal Tea - 25 ...,"₦2,400"
Health Aid Anti-Hypertension Tea...,"₦4,500"
Baileys Original Irish Cream - 7...,"₦5,130"
Sunlight Cheeseball 6g X 60,₦800
Minimie Chinchin Snack Jar - 900...,"₦1,200"
Magic Tummy Slimming Tea,"₦2,950"
Lavazza Expert Gusto Forte Coffe...,"₦11,000"
Ayoola Poundo Yam 1.8kg,"₦2,600"
Garri Ijebu - 2kg - Super Crunch...,"₦1,600"
Super Herb Slimming Tea - 40 Tea...,"₦1,850"
Devon King'S Cooking Oil - 3L,"₦3,000"
Whippy Real Mayonnaise - 887ml,"₦1,600"
Schweppes Tonic Water 33cl X 6 C...,₦730
All In 1 Breakfast Bundle,"₦6,999"
Johnnie Walker Pocket Scotch Bla...,"₦1,925"
Nestle Golden Morn - 900g,"₦1,850"
Magic Slimming Tea 28 Days Detox...,"₦2,299"
Gordon'S Moringa Citrus Blend 75...,"₦1,500"
Twinings Pure Camomile - 20 Tea ...,"₦3,500"
Traditional Medicinals Organic M...,"₦4,250"
Stevia Leaf Sweetener - 400 Pack...,"₦28,000"
Amoy Dark Soy Sauce - 150ml,"₦1,000"
Sage Leaf,"₦1,550"
Instant Ginger Tea-20 Sachets,"₦2,200"
Organic Dandelion Leaf Tea - 30 ...,"₦3,000"
Temadou Crayfish 200g,"₦2,000"
Bigi Fearless Energy Drink Red B...,"₦2,099"
Goya Adobo Seasoning,"₦2,300"
Moet & Chandon Nectar Rose Imper...,"₦30,945"
Herbal Stomach Care Tea,"₦5,000"
Bigelow Decaffeinated Lemon Lift...,"₦3,300"
Hemani Lavender Tea - 20 Bags,"₦2,500"
100sachets Stevia Natural Sweete...,"₦4,500"
Snapp Apple Cider RTD Can 33cl X...,"₦5,050"
Gordon'S Moringa Citrus Blend - ...,"₦1,603"
Smirnoff Vodka X1 Intense Chocol...,"₦1,513"
Martell Vsop Blue Swift 75cl Acl...,"₦20,170"
Pop Corn 30g X 24,"₦1,300"
Super Life Double Root Coffee - ...,"₦6,000"
Double Root Coffee - Manpower,"₦6,500"
Uno Cappuccino Guyabano & Moring...,"₦3,500"
Drink,"₦100,000"
Devon King'S Cooking Oil - 5L + ...,"₦5,230"
Slimming Tea-40 Tea Bags,"₦1,800"
Garri Flour 1kg - 5 Packs,"₦5,000"
Jianxi Tummy Fat Reducing Tea – ...,"₦1,695"
Carlo Rossi Sweet Red - 75cl - 9...,"₦2,750"
Wild Black Rice - 32oz 2lbs Non ...,"₦9,500"
Unripe Plantain Flour -1kg,"₦1,350"
Sedaap Supreme Instant Chicken N...,"₦2,380"
Amala Elubo - Yam Flour - 2kg,"₦2,000"
Ayoola Foods Poundo Yam Flour - ...,"₦6,150"
Selina Naturally Celtic Sea Salt...,"₦4,950"
Honeywell Semolina - 5kg,"₦2,500"
Mamador Low Fat Spread - 250g X ...,"₦1,000"
Chocolate Spread - 750g - 3 Pack...,"₦30,999"
Health Aid Fat Blaster Diet Shak...,"₦4,100"
Slimming Tea With Ginseng,"₦3,500"
Weight Loss Diet Shake Fat Blast...,"₦5,000"
Magic Tummy Slimming Tea,"₦3,500"
Super Herb Sliming Tea – Cold Wa...,"₦1,900"
28 Days Detox Flat Tummy Tea,"₦3,000"
Dieters True Slim Tea – Extra St...,"₦2,300"
Sunola Soya Oil-5L,"₦5,000"
"Andre Brut - 75cl, 10.45% Acl","₦3,500"
Devon King'S Buy And Win Cooking...,"₦1,500"
Peak Powered Milk Sachet X 20-20...,"₦1,400"
Bragg Liquid Aminos - 32 Fl Oz -...,"₦9,450"
AACE Foods Suya Spice 80g,₦850
100 % Cloves Powder - 100g,"₦1,950"
Maggi Star Crayfish - 60 Tablets...,"₦9,800"
Forza Spices Cinnamon Powder - 1...,₦850
Benny Creations Powdered Chicken...,"₦4,000"
Spice Supreme Jollof Rice Season...,"₦2,400"
AACE Foods Pepper Soup Spice Mix...,₦750
Knorr Beef Cubes - 50 Pieces - P...,"₦4,500"
Guava Leaf Powder - 100g,"₦2,000"
Poi-Poi Sauce Sachet - 25g - 50 ...,"₦3,000"
Ginseng Instant Tea,"₦2,500"
Nestle Milo - 20g X10,₦800
Gino Tin Tomatoes - 2.2kg,"₦3,300"
Knorr Bouillon Powder Chicken 2....,"₦6,500"
Nestle Milo Tin - 500g,"₦1,900"
La Botti Healthy Stress Relief &...,"₦1,600"
Bigelow Organic Chamomile Citrus...,"₦8,000"
Horlicks Traditional Malted Milk...,"₦3,000"
Organic White Tea - 30 Teabags,"₦5,000"
Bigelow Tea Steep Organic Green ...,"₦11,000"
Organic Red Raspberry Leaf Tea -...,"₦3,000"
Legend Green Tea & Lemon With H...,"₦1,500"
Natural Green Tea - 25 Bags - Pr...,"₦1,750"
Golden Penny Ijebu Garri - 5kg,"₦3,000"
Caprice 10kg,"₦6,400"
Bigi Premium Drinking Water - 75...,₦800
Snickers Chocolate Candy Bar Wit...,"₦6,300"
Crunchy Coconut Peanuts 330g,"₦2,000"
Snickers Chocolate Bar With Cara...,"₦6,500"
Snickers Chocolate X 24 Bars,"₦9,999"
Chocolate Cookies Bars 36 Pieces...,"₦7,000"
"Organic Monkfruit Sweetener, 1:1...","₦7,999"
TRS Almond Seeds - 100g X 3pcs,"₦3,450"
Classico Roast 100% Arabica 250g...,"₦6,000"
Green Coffee Beans - 1kg,"₦9,500"
Nescafe Dolce Gusto Chococcino C...,"₦4,200"
Stock Fish,"₦100,000"
Ginseng 4 In 1 Coffee,"₦6,500"
Edmark Cafe 73 Sugar Free Coffee...,"₦4,800"
Johnnie Walker White Walker - 70...,"₦8,250"
Scotch Whisky - 200cl - 40% Alc,₦850
Nursery Seed Trays,"₦1,350"
Armstrong Baking Soda - 2 Pcks,"₦5,999"
TRS Almond Seed - 2 Packs Of 750...,"₦13,500"
Meyenberg Whole Powdered Goat Mi...,"₦11,450"
St Remy Vsop French Brandy - 750...,"₦7,000"
Bigi Soft Drinks Variety Pack - ...,"₦1,400"
Mamador Buy And Win - 1.5l,"₦1,800"
"Famous Grouse Whisky, 700ml","₦3,090"
Devon King'S Pure Vegetable Oil ...,"₦6,200"
Rabbit Nipple Drinkers - 100 Pie...,"₦17,400"
Digital Ph Meter - Atc,"₦6,500"
McDowell'S Whiskey - 75cl + 2 Fr...,"₦1,600"
Poultry Clip Nipples - 100 Piece...,"₦12,500"
Eden Foods Organic Dried Cranber...,"₦4,350"
1 Litre Herbicide,"₦3,500"
Martini Sparkling Wine - Rose - ...,"₦10,000"
Chamdor Sparkling Wine - 750ml,"₦2,000"
Stella Whipping Cream Powder - 1...,"₦3,500"
Dangote Sugar - 250g X 5,₦800
Blue Nun Party Starter Pack,"₦40,000"
Freixenet Ice Rose - 75cl X 6,"₦48,600"
TRS Almonds - 3 Packs - 100g,"₦3,150"
Glenmorangie Nectar D'Or-12 Year...,"₦22,450"
Johnnie Walker Blue Label 70cl -...,"₦66,917"
Natural Palm Oil - 3L,"₦2,500"
Ladha Golden Soya Oil - 3 Litre,"₦3,300"
Jack Daniels 70cl 40% Acl. - Sin...,"₦7,370"
Tropical Pet Drink - 35cl X 6,"₦1,565"
Gluten Free Xanthan Gum Non Gmo ...,"₦12,500"
Fit Tea,"₦2,400"
Famous Grouse Whisky 20cl,₦865
Fit Tea 28 Days Slimming /Fat Tu...,"₦2,800"
Golden Penny Semovita - 2kg - 10...,"₦13,900"
Moet Nectar Imperial Luminous Ch...,"₦26,200"
Laurels Nature Tiger Nut Powder ...,"₦1,600"
Garri Ijebu - 1kg X 3 Pieces,"₦2,600"
Lamb Weston Poundo Potato Flakes...,"₦2,200"
Honeywell Semolina - 5kg,"₦2,800"
Bambara Nut Flour 2kg,"₦3,250"
Golden Penny Garri - Dry Crunchy...,"₦3,500"
Lady B Custard Powder -Vanilla ...,"₦9,000"
Folexfoods Unripe Plantain Flour...,"₦1,500"
Bob'S Red Mill Hemp Protein Powd...,"₦8,499"
Ola-Ola Authentic Pounded Yam Fl...,"₦6,000"
Golden Penny Semovita 10kg,"₦6,000"
Golden Penny Semovita - 5kg,"₦4,200"
Fat Burner Slimming Tea - 30 Bag...,"₦2,000"
Zero Calorie Sweetener With Spec...,"₦3,350"
Pumpkin Seeds 200g,"₦3,600"
Coconut Flour 1kg,"₦4,500"
Monkfruit Sweetener 1:1 Powdered...,"₦8,000"
Now Food Whole Psyllium Husks- 1...,"₦8,800"
Bob'S Red Mill Natural Almond Fl...,"₦7,500"
Popcorn Seed - 1kg,"₦4,999"
Devon King'S Cooking Margarine 2...,₦790
Mamador Low Fat Spread 450 With ...,"₦1,000"
Nutella Chocolate Spread - 350g,"₦2,600"
French'S Classic Yellow Mustard ...,"₦3,500"
Nutella Chocolate Spread - 750g ...,"₦13,000"
Nutella Chocolate Spread - 750g,"₦4,500"
Chocolate Syrup - 680g,"₦2,500"
Blue Band Butter - 450g - 3 Piec...,"₦3,400"
Extra Crunchy Peanut Butter - 22...,₦800
Mamador Variety Bundle 4,"₦1,000"
Sky Honey Family Pack - 75cl X 6...,"₦13,000"
Bob'S Red Mill Organic High Fibe...,"₦7,850"
Bullet Black Vodka Mixed Drink C...,"₦16,000"
Ciroc Peach Vodka - 1L,"₦17,500"
Smirnoff Green Apple Vodka - 1L,"₦3,900"
Ensure Meal Replacement And Hear...,"₦6,500"
Dodokido,"₦1,000"
Kellogg'S Coco Pops - 450g With ...,"₦1,320"
Smirnoff X1 Intense Chocolate Vo...,"₦1,513"
Organic Unsulfured Blackstrap Mo...,"₦7,500"
Blackstrap Molasses Unsulphured ...,"₦9,850"
Caramel Popcorn - 30g - Bag 0f 4...,"₦2,600"
Diabetamil Cookies Suitable For ...,"₦3,200"
Sweetened Condensed Milk Cebon(1...,"₦5,000"
Jack Daniel'S Gentleman Jack - 7...,"₦10,663"
Nature'S Zest Mixed-Varieties: 6...,"₦2,700"
Bob'S Red Mill Gluten Free Steel...,"₦8,450"
Kellogg'S Cocopos - 32g - Carton...,"₦4,800"
Nestle Golden Morn 450g,₦950
Indomie Indomitable Pack- 70g -...,"₦3,350"
28 Days Detox Tea + Cinnamon Pow...,"₦5,000"
Health Aid 28 Days Slimming & Fl...,"₦5,370"
28 Days Detox Flat Tummy Tea,"₦2,800"
28days Slimming Tea,"₦2,800"
Fat Burner Sliming Tea For Men/W...,"₦2,500"
Checkers Custard Powder - 2KG,"₦2,400"
"Muesli, Raisin Almond & Tropical...","₦7,500"
Crownfield Raisin & Almond + Tro...,"₦5,800"
Kellogg'S Frosties Cereal - 500g...,"₦3,000"
Weetabix Fruit & Fibre Cereal - ...,"₦3,500"
Johnnie Walker Gold Label Reserv...,"₦16,499"
Bragg Organic Raw Apple Cider Vi...,"₦6,480"
Hennessy Xo Luminous Cognac 70cl...,"₦88,975"
Diabetamil Cookies Suitable For ...,"₦3,200"
Maggi Naija Pot Seasoning - 50 C...,₦501
Star Anise - 1 Oz - 30g,"₦3,200"
Licorice Root Powder - 50g,"₦3,150"
Ceylon Cinnamon Powder 100g,"₦1,750"
AACE Foods Natural Spices Set 80...,"₦7,999"
Ric-Giko Tomato Tin - 400g X 10p...,"₦10,300"
Dry Basil Leaf - 50g,"₦1,550"
TRS Sesame Seeds-100g,"₦1,500"
Star Maggi Chicken Seasoning Cub...,"₦23,500"
Maggi Seasoning Cubes -100cubes ...,"₦4,700"
Maggi Star Seasoning Cubes- 100C...,"₦9,900"
Ginger Garlic Paste - Terra (15g...,₦500
Gino Peper Tomatoes X 50 Sacket,"₦7,200"
Garlic Powder - 100g X 3,"₦2,250"
Pink Salt - Enriched W/ 84+miner...,"₦6,800"
Freshjax Gourmet Thai Coconut Cu...,"₦14,500"
Mccormick Whole Black Peppercorn...,"₦13,499"
Amoy Blended Sesame Oil,"₦1,200"
Gino Pepper Onion Tomato Sachet ...,"₦3,000"
Basil Powder - 100g,"₦2,500"
Organic Whole Allspice - 100g,"₦3,800"
Hibiscus Powder - 100g,"₦1,500"
Organic Whole Peppercorn - Black...,"₦3,000"
Premium Grade Blended Cameroon P...,"₦1,000"
Spearmint Leaf Cut And Shifted -...,"₦1,620"
Bragg Premium Nutritional Yeast ...,"₦6,800"
Bragg Organic Apple Cidar- 16oz,"₦3,950"
Organic Vitex Chasteberry Tea - ...,"₦4,000"
Organic Oregano Tea - 60 Tea Bag...,"₦7,400"
TRS Trs Turmeric Powder - 100g,"₦1,200"
Star Radler Beer - 33cl Can X 24...,"₦3,600"
Organic Senna Tea - 30 Tea Bags,"₦2,500"
Himalayan Pink Salt - Fine 250g,"₦1,500"
Organic Lavender Tea - 30 Teabag...,"₦2,800"
Organic Nettle Leaf Tea - 30 Tea...,"₦3,000"
Simply Organic Onion Powder - 3 ...,"₦3,600"
TRS Paprika - 100g,"₦2,340"
California Dieter'S Drink Extra ...,"₦3,950"
Sea Salt -1kg,"₦3,400"
Rosemary Leaf - 100g,"₦1,500"
Organic Nettle Tea - 30 Teabags,"₦4,000"
Organic Oolong Tea - 30 Teabags,"₦3,000"
Medium Size Grinded Crayfish,"₦1,007"
"Now Foods Real Senna Tea, Caffei...","₦5,500"
Nursing Tea - Enhanced & Healthy...,"₦3,499"
Organic Raw Hazelnuts 16 Oz 1lbs...,"₦9,499"
Traditional Medicinals Organic M...,"₦5,500"
Olmeca Tequila A Fusion Choco 75...,"₦5,790"
Lavender Sleep Tea - With Vanill...,"₦2,800"
Certified Organic Green Tea 100%...,"₦2,000"
Nestle Milo Chocolate Refill - 5...,"₦4,900"
Instant Zobo Drink - 20 Tea Bags...,₦950
100% Organic Matcha Green Tea Po...,"₦3,500"
Royal Ginger Drink 2 X 20 Sachet...,"₦2,900"
Cadbury Bournvita 500g X 1,"₦3,300"
Men'S Energy Max Sex Tea With Ma...,"₦4,999"
Naveen Apothecary Organic Lady'S...,"₦4,000"
Prostrate Control Herbal Tea - 2...,"₦3,000"
Anti Hypertensive Herbal Tea And...,"₦4,000"
Traditional Medicinals Organic C...,"₦4,950"
Ginseng Herbaltea - 12 Tea Bags,"₦3,000"
Nestle Milo Tin- 1kg,"₦3,200"
Bigelow Cranberry Harvest Herbal...,"₦8,000"
Herbal Slimming Tea Peppermint-2...,"₦4,500"
Nestle Nesquik Chocolate Drink M...,"₦5,000"
Lord'S Herbal Chamomile Tea X 2,"₦3,500"
Raspberry Leaf Tea- 20 Teabags,"₦3,000"
Biogenic Chinese Green Tea - 150...,"₦1,950"
Organic Rooibos Red Tea - 30 Tea...,"₦3,000"
Pure Green Tea,"₦2,700"
Lemon And Ginger Tea -4 Packs,"₦9,000"
Lemon And Ginger Tea,"₦2,300"
Organic Sage Leaf Tea - 30 Teaba...,"₦5,000"
Bigelow Tea Steep Organic Green ...,"₦11,000"
Twinings Pure Camomile - 4 Packs...,"₦5,600"
Organic Green Tea With Peppermin...,"₦6,000"
Organic Chamomile Tea - 30 Tea B...,"₦3,000"
Ganoderma Tea – Enhance Immunity...,"₦4,000"
La Botti Healthy Stress Relief &...,"₦1,900"
Lipton America'S Favourite Black...,"₦3,400"
Jianxi Relaxing Nite Herbal Tea ...,"₦1,900"
Jianxi Anti Urinary And Yeast In...,"₦2,000"
Aju Mbaise,"₦1,100"
Kuding Herbal Tea 3 X 20g,"₦2,000"
Bigelow Decaffeinated Organic Gr...,"₦5,450"
China Green Dieters Tea Caffeine...,"₦3,950"
Uno 8 In 1 Coffee,"₦3,500"
Glenfiddich Single Malt Scotch W...,"₦35,250"
Big Bull 10kg Rice,"₦5,500"
Dates- 500g,"₦1,850"
Costa Dolce Gusto Costa American...,"₦4,200"
Bounty Chocolate Bar- 24pcs In A...,"₦5,999"
McVitie'S Hobnobs Crunchy Oat & ...,"₦2,600"
Bottle Of Groundnuts X 3,"₦4,500"
Coaster Biscuit - Carton Of 144,"₦3,300"
Alpenliebe Milk Filled Cup,₦720
Mentos Peppermint Ice Gum,"₦1,350"
Bounty Chocolate Bar - 12 Pieces...,"₦3,200"
Snickers Chocolate Bar - 12 Piec...,"₦3,500"
Lavazza Cream And Classic Taste ...,"₦3,500"
Minimie Chin Chin - 20Packs,"₦1,400"
MM Peanut Milk Chocolate Candy -...,"₦8,000"
Organo Gold Supreme Coffe,"₦9,999"
Pure Bliss Premium Milk Cookies ...,"₦1,500"
Organic Goji Berries - 16 Ounce,"₦17,850"
Now Food Brazil Nuts - Raw Unsal...,"₦9,450"
Green Coffee 1000 Plus,"₦4,500"
Organo Gold Gourmet Black Coffee...,"₦8,500"
Lingzhi Coffee 3 In 1 - Caffeine...,"₦7,500"
Cobizco 5-In-1 Ginseng Tongkat A...,"₦3,895"
Peak Milk Sachet - 16g X 210,"₦14,000"
Nescafe Classic Coffee Tin - 50g...,"₦1,400"
Costa Dolce Gusto Costa Cappucci...,"₦4,200"
Costa Dolce Gusto Costa Latte Co...,"₦4,200"
Lishou Slimming Coffee,"₦6,900"
Nescafe Dolce Gusto Mocha Coffee...,"₦4,200"
Nescafe Dolce Gusto Cafe Au Lait...,"₦4,200"
Nescafe Dolce Gusto Flat White C...,"₦4,200"
Nescafe Dolce Gusto Cafe Au Lait...,"₦4,200"
Organo Gold Gourmet Black Coffee...,"₦9,000"
Chi Golden Terra Soya Oil - 25L,"₦24,000"
Sweetened Condensed Filled Milk ...,"₦2,200"
Three Crowns Instant Filled Crea...,"₦1,890"
Now Food Organic Coconut Sugar -...,"₦8,750"
Stevia Zero Calorie Natural Swee...,"₦3,000"
Margarine For Cooking And Baking...,"₦7,200"
TRS Almond Seed - 750g,"₦5,500"
Dark Corn Syrup 473ml,"₦5,800"
Chocolate Topping Sauce - 1kg,"₦4,000"
STK Royal Instant Dry Yeast -500...,"₦10,500"
Arm & Hammer Baking Soda - Midi ...,"₦5,999"
Casoni Crema Caffe Liqueur 50cl,"₦2,700"
Casoni Crema Limone 50cl,"₦2,700"
Baileys Cream Liquer - 70cl,"₦5,637"
"Jagermeifter Herb Liqueur-70cl, ...","₦4,860"
King'S Pure Vegetable Oil - 25l,"₦26,000"
Okomu Banga Red Palm Oil - 4litr...,"₦4,300"
Mamador Pure Vegetable Cooking O...,"₦3,000"
Sedaap Supreme Instant Noodles- ...,₦440
Bragg Organic Extra Virgin Olive...,"₦7,500"
Remy Martin 70cl VSOP - Single B...,"₦20,700"
Royal Stallion Rice - 10kg,"₦5,500"
Bragg Organic Extra Virgin Olive...,"₦7,500"
Golden Penny Couscous - 500g × 2...,"₦1,900"
PZ Mamador Buy And Win 2.5l Oil ...,"₦4,000"
Kirkland Signature Organic Virgi...,"₦16,000"
Palm Oil - 3 Litres,"₦3,000"
Kirkland Signature 100% Spanish ...,"₦18,000"
Hemani Pure Natural Coconut Oil ...,"₦2,500"
Pineapple Non Alcoholic Malt Dri...,"₦3,600"
Indomie Onion Chicken Noodles - ...,"₦3,400"
Golden Penny Couscous - 500g × 3...,"₦2,500"
Ciroc Pine - 1L 37.50% Acl. (Si...,"₦14,770"
Jack Daniels Tennessee Honey 70c...,"₦7,440"
Monster Energy Green Drink - 44c...,"₦8,305"
Smoky Black Grouse Whisky 70CL,"₦3,850"
Bigi Cola Soft Drink - 600ml X 1...,"₦1,400"
Johnnie Walker Gold Label Reserv...,"₦17,400"
Mama'S Pride Premium Parboiled R...,"₦27,500"
Hennessy Xo 70cl X 6 Bottles,"₦449,999"
General Fresh 28 Days Detox Flat...,"₦5,900"
Bragg Apple Cider Vinegar 473ml ...,"₦5,999"
Ramadan Bundle 4,"₦3,200"
Tissue Roll 48,"₦4,500"
Schweppes Tonic Water 33cl X 24,"₦3,060"
Peak Milk & Milo Bundle,"₦4,200"
Breakfast Combo 5,"₦3,300"
Real Kefir Water Grains Starter ...,"₦18,450"
Splenda Stevia - 20 X 2g Sachet...,"₦2,000"
Vanilla Culinary Essence - 28ml,₦650
Blackstrap Molasses Syrup - Unsu...,"₦9,450"
Arm & Hammer Baking Soda - Maxi,"₦5,999"
"Organic Sweetener Powder, 3.2 Ou...","₦9,000"
Milo Tin- 500g - Peak Milk Tin 4...,"₦6,500"
Cultures For Health Real Kefir S...,"₦11,750"
Peak Powdered Milk 2.5kg Tin,"₦10,500"
Armand De Brignac Ace Of Spades ...,"₦114,480"
"Stevia Natural Sweetener, 100g -...","₦10,500"
Great Value Non Dairy Coffee Cre...,"₦6,991"
Friesland Campina Dano Full Crea...,"₦1,300"
Caprice Xmas Rice - 5kg - 3 Bags...,"₦21,999"
Blue Nun Pink Ice (Pack Of 12),"₦46,000"
Jaume Serra Ice Rose 75cl – X 6 ...,"₦56,950"
Cloudy Bay Sauvignon Blanc - New...,"₦8,715"
Jack Daniel'S Tennessee Whiskey ...,"₦7,251"
Peak Powdered Milk 400g Tin X 2,"₦4,500"
Hollandia Yoghurt - Back To Scho...,"₦1,400"
Sweetened Condensed Filled Milk ...,"₦4,999"
Famous Grouse (1 X 35cl),"₦1,700"
Meyenberg Non-Fat Powdered Goat ...,"₦15,999"
Dano Full Cream Milk - 850g,"₦2,850"
Golden Penny Spaghetti 500g - Pa...,"₦6,300"
Par Excellence Long Grain Premi...,"₦36,000"
Veuve Clicquot Brut - 75cl X 6,"₦110,000"
Weetabix Crispy Minis - Fruit & ...,"₦3,800"
Hennessy Vsop - 70cl X 6 Bottles...,"₦205,000"
Bigi Ginger Lemon - 600ml X 12,"₦1,400"
Jack Daniel'S Jack Daniels 70cl ...,"₦7,363"
Famous Grouse (1x75cl),"₦3,816"
Macallan Whiskey 70cl - 12 Year...,"₦13,260"
Vegetarian Chunks - 150g,"₦1,500"
Royal Stallion 25KG Rice,"₦14,100"
Wild Turkey American Honey-750ml...,"₦12,000"
Power Pasta Spaghetti - Regular ...,"₦2,600"
Teeling Whiskey - Single Malt,"₦30,000"
Johnnie Walker Aged 18 Years 40%...,"₦23,583"
Schweppes 33cl Virgin Mojito X 2...,"₦3,060"
Jack Daniels Whiskey - 75cl,"₦40,600"
Martell Xo Cognac 70cl / 40%,"₦67,500"
Indomie Chicken Pepper Soup Flav...,"₦3,800"
Label 5 Blended Scot Whiskey Gb,"₦3,100"
Label 5 Blended Scot Whiskey,"₦3,900"
Mc Dowells Whiskey - 75cl,"₦4,500"
Chivas Regal 12 Year Old Blended...,"₦11,050"
Mr Dowell'S Whiskey - 75cl,"₦1,604"
Par Excellence Long Grain Premi...,"₦11,500"
Coca Cola Zero 60cl Pack X 12,"₦1,030"
Johnnie Walker Pocket Scotch Red...,"₦1,170"
Chrysolite Haven Ofada Rice - 5k...,"₦5,750"
Zing Organic Stevia Sweetener - ...,"₦3,400"
Margarine For Cooking And Baking...,"₦11,000"
Dabino Date Fruit Sugar - 600g,"₦3,200"
Dangote Sugar - 500g X 2,₦800
Nature'S Flavors Organic Banana ...,"₦10,450"
Golden Penny Cube Sugar - 500g -...,"₦5,700"
Baker'S Choice Icing Sugar - 1kg...,"₦2,611"
Madhava Organic Raw Agave Nectar...,"₦7,650"
Manuka Health Manuka Honey - MGO...,"₦19,850"
Hennessy Vsop Cognac - 70cl - Si...,"₦32,000"
Friesland Campina Dano Cool Cow ...,"₦1,050"
Malta Guinness Malt Drink - Pack...,"₦5,000"
GNLD Super Gro 5 Litre,"₦26,506"
Milo 500g + Peak 400g + Golden M...,"₦4,900"
Power Pasta Spaghetti - Regular ...,"₦4,900"
Jarrow Formulas Pomegreat™ Pomeg...,"₦12,000"
Pediasure Grow & Gain Nutrition ...,"₦21,000"
Indomie Indomitable Indomie Pack...,"₦2,750"
Nescafe Rich And Smooth Gold Ble...,"₦2,700"
Blue Shisha Hookah Pot Magic Co...,"₦12,999"
Guinness Dubic Can Malt - Pack O...,"₦3,600"
Titus Sardine Fish - 25 Pieces,"₦11,800"
Crownfield Raisin & Almond Grano...,"₦4,890"
Red Wine – 75cl X 6 Bottles,"₦59,600"
Fresh Croaker Fish - 2KG,"₦4,000"
Yellow Tail Cabernet Sauvignon -...,"₦48,950"
Chi Exotic Pineapple And Coconut...,"₦3,800"
Perchams Brown Rice 5kg,"₦8,960"
Abadini Rice - 25kg,"₦14,000"
Indomie Chicken Noodles - 70g - ...,"₦3,000"
Hollandia Plain Sweetened & Stra...,"₦4,500"
Maltina Drink - Pack Of 24,"₦5,000"
Ensure Healthy Strawberry Nutrit...,"₦6,000"
Maltina Non Alcoholic Malt Drink...,"₦3,600"
Oven-Smoked Catfish - 3 Pieces,"₦1,600"
Super Gro Organic Fertilizer,"₦22,000"
Apple Carton - 100 Pieces,"₦16,800"
Del Diablo Sauvignon Blanc (75cl...,"₦2,900"
Power Oil Vegetable Oil - 2.6 Li...,"₦3,000"
Bigi Bitter Lemon Soft Drink - 6...,"₦1,400"
Fit Tea - 28 Day Slimming Tea,"₦4,000"
Crownfield Tropical Granola Cere...,"₦3,400"
Herbal Slimming Tea-24 Tea Bags-...,"₦8,000"
Bragg Apple Cider Vinegar - Raw-...,"₦6,385"
Bigi Tamarind Soft Drink - 600ml...,"₦1,400"
Complan Milk - A Complete Meal I...,"₦4,780"
McVitie'S Hobnobs Biscuit - Pack...,"₦3,300"
Jameson Irish Whiskey - 70cl X 6...,"₦75,500"
Sponge Red Velvet & Chocolate Ca...,"₦8,000"
Bigi Orange Soft Drink - 600ml X...,"₦1,400"
Climax Energy Drink - 33cl Can X...,"₦6,000"
Royal Stallion Long Grain Rice -...,"₦32,000"
CAP-Best Thai Parboiled Rice - 5...,"₦32,000"
Hollandia Yoghurt Plain Sweetene...,"₦1,400"
Vsop French Brandy -70cl X 6 Bot...,"₦150,800"
Fearless Energy Drinks Variety ...,"₦2,099"
General Fresh 28 Days Detox Flat...,"₦7,095"
Dom Perignon Brut - 75cl,"₦476,900"
Coca Cola Zero Coke - 60 Cl X 1...,"₦4,500"
McVitie'S Hobnobs Biscuit - Pack...,"₦1,100"
Nasco Cornflakes 350g × 2 Pack,"₦2,200"
Malta Guinness Can,"₦4,000"
Mama Gold Semolina 10kg,"₦4,000"
Glenmorangie Whisky Signet Extra...,"₦83,350"
Ensure Vanilla Nutrition Shake D...,"₦28,400"
Oven Smoked Catfish - 1 Carton,"₦36,000"
Charcoal Smoked Catfish - 1kg - ...,"₦4,900"
Bitter Gourd - 5kg,"₦16,850"
Kuki Tomato Paste - HOT,"₦1,100"
Biryag Sunflower Pure Vegetable ...,"₦8,450"
Quaker Oats - 2 Bags,"₦10,999"
General Fresh Flat Tummy + Slimm...,"₦7,500"
Woodford Reserve Distillers Sele...,"₦11,812"
Herbal Slimming Tea – Peppermint...,"₦3,500"
Palm Oil - 5 Liters,"₦4,700"
Black Shisha Hookah Pot Magic Co...,"₦12,999"
Coca Cola Pet Bottle Coke - 35cl...,"₦3,200"
Dano Uht Semi-Skimmed Milk - 1L ...,"₦5,700"
Dry Grinded Pepper Large Size,"₦1,300"
Special Ofada 5kg Rice + Free Gi...,"₦10,999"
Funaden Local Ofada Rice -5kg,"₦6,200"
Chocolate Bars - 36 Pieces X 1 P...,"₦6,999"
Grants Triple Wood Blended Scotc...,"₦3,200"
Ola-Ola Poundo Yam - 2.267kg,"₦6,500"
Big Bull Rice - 50kg,"₦25,500"
Parboiled Rice 10kg+(Vegetable O...,"₦9,950"
Indomie Onion Chicken Noodles - ...,"₦2,800"
Dried Meat Tinko - 24 Pieces,"₦4,000"
Devon King'S Groundnut Oil - 2L,"₦4,999"
Titus Sardines - Pack Of 5 - 125...,"₦3,500"
Quaker Oats Old Fashioned 100% W...,"₦7,499"
Agricultural Lime,"₦2,400"
Poultry Feather Plucking Machine...,"₦285,000"
Charcoal Smoked Catfish - Spiced...,"₦5,700"
Bigi Tropical Soft Drink- 600ml ...,"₦1,400"
Kirkland Signature Organic Soy B...,"₦18,000"
Indomie Bellefull Chicken Noodle...,"₦3,900"
Laila Basmati Rice - 1kg,"₦2,800"
Riceafrika Premium Parboiled Ric...,"₦2,350"
Golden Penny Instant Chicken Noo...,"₦2,600"
Indomie Onion Chicken Flavour - ...,"₦2,900"
Vitamilk Energy Milk Drink - ×2...,"₦14,000"
Fearless Energy Drink,"₦2,900"
Banana Soya Drink 300ml,"₦1,900"
Toren Dark Compound Chocolate - ...,"₦7,000"
Golden Penny Spaghetti - 500g X ...,"₦2,000"
Guinness Malta Can Drink - 24 In...,"₦7,600"
Stute Superior Cranberry Juice D...,"₦2,500"
"Almond Oil, Castor Oil And Cocon...","₦5,000"
Edmark Cafe Troika,"₦5,800"
Indomie Onion Chicken Flavour - ...,"₦3,200"
Dynamic Health Pure Cranberry Ju...,"₦15,255"
Frozen Turkey - Carton - 10kg,"₦39,999"
Alvita Wild Crafted Tea Pau D Ar...,"₦5,450"
Nestle Awake Bundle + Free 1 Pou...,"₦5,400"
Quaker Instant Oatmeal Variety P...,"₦14,500"
Glenfiddich 26 Year Old – 70cl X...,"₦995,500"
Kings Pure Vegetable Cooking Oil...,"₦30,000"
Avila Natural Slimming Tea - 20g...,"₦3,200"
Oat - 1 Bag,"₦36,000"
Palm Oil - 5 Litres,"₦5,000"
Jameson Irish Whisky - 70cl,"₦9,000"
Veleta Non Alcoholic Wine - 12 B...,"₦20,000"
Oxford Cabin Biscuit - 6 Packs,"₦2,000"
Maggi Chicken Powder Flavor - 45...,"₦1,200"
Crownfield Raisins & Almond Gran...,"₦3,400"
Devon King'S 1 Ltr Groundnut Oil...,"₦4,999"
Flat Tummy Tea-28 Days Detox,"₦3,500"
Ensure Healthy Vanilla Nutrition...,"₦6,000"
Abadini Rice 50kg,"₦28,500"
Indomie Onion Chicken Noodles - ...,"₦3,200"
Indomie Indomitable Pack- 70g - ...,"₦4,900"
Vanilla Drink 3opcs,"₦50,000"
Kirkland Signature Organic Unswe...,"₦10,150"
Chi Happy Hour Orange Safari 15...,"₦1,400"
Bragg Organic Apple Cider Vinega...,"₦4,850"
Maltina Vanilla Non Alcoholic Ma...,"₦3,600"
Carlo Rossi Wine - 2 Bottles,"₦15,999"
"Legend Tea & Herbs Green Tea, L...","₦2,000"
Golden Sella Basmati Rice 5kg,"₦7,999"
Hollandia Evap - Full Cream Evap...,"₦1,999"
Chocolate Cookies Bars 36 Pieces...,"₦7,000"
Quaker Oats Old Fashioned 2 In 1...,"₦8,500"
Twinings Camomile And Honey - 20...,"₦8,000"
Smoked Dried Catfish Stock Fish ...,"₦3,500"
Rubis Red Wine - 50cl,"₦12,999"
Hollandia Evaporated Full Cream ...,"₦3,600"
Bragg Organic Raw Apple Cider Vi...,"₦4,050"
"Garri Dry, Crunchy And White Cas...","₦1,700"
Nestle Milo Energy Food Drink - ...,"₦1,400"
Ensure Vanilla - 30 Pack,"₦28,121"
Indomie Chicken Super Pack - 120...,"₦4,800"
DDVP Insecticide - 1 Litre,"₦6,000"
Bigelow Sweet Dreams Herb Tea - ...,"₦3,950"
Grapes - 5kg - 10 Packs,"₦15,550"
Kefir Starter Culture Powdered -...,"₦18,000"
Ensure Meal Replacement And Hear...,"₦5,000"
Palm Oil - 2.5l,"₦2,100"
Pure Heaven Sparkling Red Grape ...,"₦9,450"
L'Oreal Espresso Supremo Nespres...,"₦3,500"
Carlo Rossi Wine - 2 Bottles,"₦15,999"
Tesco Pure Sunflower Oil - 5L,"₦7,000"
Earl Grey Green Tea - 40g,"₦1,700"
Big Bull Rice 25Kg,"₦15,520"
Alliance In Motion Global Liven ...,"₦3,700"
Power Pasta Spaghetti - Slim 475...,"₦1,600"
Golden Penny Power Pasta Spaghet...,"₦2,600"
Patriot Rice - 50KG,"₦27,000"
Munch It - Sweet Surprise 22g X ...,₦800
Dubic Can Malt X 24,"₦6,500"
One Carton Of Short Bread - 30 P...,"₦20,000"
Crownfield Raising & Almond Gran...,"₦4,290"
Blue Nun 24k Gold Edition Mini (...,"₦35,000"
Agor Red Wine-1 Bottle-750ml-12%...,"₦5,000"
Korean Ginseng Drink-700ml,"₦18,000"
Armand D Brignac - Ace Of Spade ...,"₦1,158,000"
Royal Stallion Rice 25kg,"₦16,000"
Golden Penny Spaghetti - 500g X ...,"₦1,650"
Sparkling Red Grape - 6 X 75cl,"₦45,500"
Bigelow Matcha Green Tea With Tu...,"₦2,200"
Golden Morn - 450g + Peak 456 Re...,"₦2,300"
Aeroplane Basmati Rice - 5kg X 4...,"₦36,000"
Smoked Catfish,"₦3,500"
Bigelow Organic Green Tea - 40-C...,"₦4,250"
Fit Tea 28 Day Slimming Tea Deto...,"₦6,999"
Tropical Sun Popcorn - 500 G,"₦2,800"
Milo 20g & Dano 14g - Bundle X 2...,"₦2,300"
Golden Morn - 50g X 20,"₦2,200"
Aptamil Multigrain & Berry Cerea...,"₦4,500"
Coca Cola Fanta Orange 35cl X12,"₦3,500"
Brandy 501 De Jerez - Solera - ...,"₦89,600"
Nescafe Dolce Gusto Coffee Capsu...,"₦11,999"
Chateau Vartely Pastoral Red Win...,"₦24,000"
Unbleached All Purpose Flour - 8...,"₦14,800"
Original Palm Oil - 5l,"₦3,900"
Whole Tigernuts - 750g,"₦1,500"
Agor Red Wine - 12 Bottles,"₦59,999"
Campari Italian Spirit Aperitif ...,"₦8,300"
Unbleached All-Purpose Flour 3 L...,"₦13,600"
Tesco Hot Chocolate 375g,"₦2,400"
A&S Perchams Brown Rice 5kg,"₦9,000"
Wesson Pure Natural Canola Oil ...,"₦5,750"
Devon King'S Vegetable Oil - 5 L...,"₦7,000"
Famous Grouse Whisky 35cl,"₦1,605"
Organic Ragi Flour - Finger Mill...,"₦5,000"
Basmati Rice Suitable For Diabet...,"₦3,000"
Granola- 100g X 5,"₦3,200"
Dano Full Cream Milk Refill - 85...,"₦7,999"
Dom Perignon Champagne - 70cl,"₦568,500"
AACE Foods Cinnamon Powder 60g,"₦1,050"
Power Oil - 75cl,"₦1,150"
Sonia Tomato Mix - 70g X 10 Sach...,"₦1,000"
Goya Plastic Extra Virgin Olive...,"₦10,000"
Mama'S Pride Premium Parboiled R...,"₦14,500"
Geisha Mackerel In Tomato Sauce ...,"₦23,000"
Coca Cola Water - 75cl X 12 Piec...,"₦4,900"
Non Fat Dry Milk Powder - W/Vita...,"₦5,700"
Power Oil Low Cholesterol Vegeta...,"₦7,500"
Viju Premium Bottle Water - 75cl...,"₦1,499"
Golden Penny Spagetti - 500g X 2...,"₦8,000"
Carton Of Noreos Biscuit,"₦6,999"
Peak Instant Full Cream Milk Pow...,"₦3,950"
Ahmad Tea Natural Green Tea Lemo...,"₦2,500"
Ultimate Meal Bundle,"₦5,950"
Royal Stallion Rice - 5kg,"₦3,200"
Martinellis Gold Medal'S 100% Sp...,"₦20,000"
Hypertension And Blood Sugar Red...,"₦1,800"
Ayoola Foods Ayoola Poundo Yam,"₦2,200"
Seaman'S Schnapps Gin - 70cl - 4...,"₦4,000"
The Macallan 12 Years -70cl - 12...,"₦350,850"
Guinness Foreign Extra Stout - 3...,"₦5,885"
Peak Powdered Milk - 900g Tin,"₦4,350"
Shank Virgin Pink Himalayan Salt...,"₦2,000"
McVitie'S Digestive Biscuit - Pa...,"₦1,850"
Loya Milk Sachet - 16g - Carton ...,"₦11,500"
Organic Chaga Tea - 30 Teabags,"₦5,500"
Kemps Cream Crackers Biscuit - 1...,"₦3,500"
Raisin & Almond Granola Cereal 5...,"₦2,500"
Organic Hibiscus Goji Berry Tea ...,"₦7,500"
Great Diamond Ulcer Healing Herb...,"₦1,900"
Three Crowns Sachet Mil - 12g X ...,"₦8,500"
Peak Instant Full Cream Milk Pow...,"₦10,500"
Ensure Strawberry Nutrition Shak...,"₦26,000"
Jianxi Tummy Fat Reducing Tea – ...,"₦1,800"
Edmark New Shake Off Phyto Fiber...,"₦8,500"
Crownfield Delicious Healthy Gra...,"₦3,111"
Nasco Cornflakes - 350g X 10 Pac...,"₦8,000"
Jianxi Blood Sugar Reducing Tea...,"₦1,800"
Alliance In Motion Global Liven ...,"₦4,000"
Chateauneuf Du Pape Red Wine 75c...,"₦13,210"
Biogenic Chinese Green Tea 125 G...,"₦1,800"
Palm Oil - 2.5 Liters,"₦2,600"
Bragg'S Organic Raw Apple Cider ...,"₦7,250"
Hennessy Cognac VS 70cl 40%,"₦45,000"
Digital Grain Moisture Meter - T...,"₦32,000"
Oven-Smoked Catfish - 5 Pieces,"₦3,200"
Carton Of Chicken - 10kg,"₦28,999"
3 Fresh Sweet Pineapple - 2 KG,"₦1,100"
Bundle Pack Of Provision,"₦15,000"
Fenugreek Powder - 100g,"₦2,000"
Jameson Irish Whiskey -70cl,"₦19,999"
Beloxxi Cream Cracker 2carton,"₦5,700"
Power Oil Pure Vegetable Cooking...,"₦4,999"
Fresh Yo Yoghurt - 400ml Pet Pa...,"₦14,500"
Dano Uht Skimmed Milk - 1L X 3pc...,"₦5,500"
Heinz All Natural Distilled Whit...,"₦8,000"
Ogbono Seed-500g,"₦2,250"
M&Ms Valentine Box Of Chocolate ...,"₦14,999"
Sparkle Premium Rice - 50kg,"₦25,500"
Titus Sardine In Vegetable Oil- ...,"₦14,000"
Tasty Smoked Oven Dried Catfish-...,"₦10,000"
Cashew Nut - 2 Bottles,"₦9,999"
Maltina Malta Drink - PET Bottle...,"₦3,500"
Devon King'S Vegetable Oil - 5 L...,"₦6,499"
Ensure Healthy Chocolate Nutriti...,"₦27,999"
Dano - 14g X 20,"₦1,500"
Swiss Miss Milk Chocolate Flavor...,"₦6,500"
Teeling Whiskey - Small Batch,"₦9,200"
Elkris Super Oat Swallow - 5kg,"₦9,200"
Martinelli'S Sparkling Cider - 1...,"₦19,500"
Minimie Chinchin - 1 Carton - 45...,"₦6,000"
Chia Seed -500g,"₦5,200"
Golden Penny Semovita - 2kg - 5 ...,"₦5,000"
Kemps Cream Crackers Biscuit - ...,"₦2,500"
Eva Grape Wine - 6 X75cl,"₦48,500"
Indomie Noodles Onion Chicken - ...,"₦2,950"
Organic Palm Oil - 3L,"₦3,200"
Pure African Red Palm Oil Bottle...,"₦5,500"
Lucozade Energy Boost Concentrat...,"₦1,400"
Nestle Golden Morn - 1kg,"₦4,500"
Royal Stallion Bag Of Rice - 10k...,"₦9,000"
Chi Exotic Pineapple & Coconut N...,"₦10,999"
Peak Instant Full Cream Milk Pow...,"₦13,000"
Meyenberg Evaporated Goat Milk- ...,"₦2,600"
Teatox Detoxifier,"₦3,500"
Spice Supreme Sazon Complete Sea...,"₦15,000"
Great Diamond Prostate Control H...,"₦1,900"
Choco Garri - 3KG,"₦2,000"
Aju Mbaise Herbal Tea,"₦1,500"
Hemani Slim+ Tea Enhanced Formul...,"₦3,000"
Nescafe Breakfast 3 In 1 - 10 Sa...,"₦1,300"
Johnnie Walker Blue Label - 70cl...,"₦73,000"
Hemani Chamomile Tea,"₦2,400"
Cway Water,"₦2,150"
McCormick Cream Of Tartar - 1.5 ...,"₦3,850"
Johnnie Walker White Walker - 70...,"₦5,520"
Indomie Chicken Super Pack Noodl...,"₦8,000"
Bigi Cherry Cola Drink - 600ml X...,"₦1,400"
Apple Cider Vinegar Organic Raw ...,"₦6,400"
Hibiscus Zobo Leaves With Free F...,"₦1,250"
Welch Juice 100% Juice - Pack Of...,"₦13,999"
Milkadamia Milk - Unsweetened - ...,"₦15,000"
Realemon Juice - 1 Litre Carton ...,"₦20,000"
Jolly Jus Mix To Drink Sachet - ...,"₦5,000"
Chivita Ice Tea Lemon - 1000ml -...,"₦9,999"
Titus Fish,"₦6,500"
Nestle Nescafe Breakfast 3-In-1 ...,"₦27,000"
Pringles Variety Pack By 48,"₦13,999"
La Botti Immune Booster Herbal T...,"₦5,000"
Hennessy Vs Cognac,"₦29,999"
Label 5 Red Label - 2 Bottles,"₦19,999"
Complan Milk - A Complete Meal I...,"₦4,375"
Kerrygold Instant Full Cream Mil...,"₦10,200"
McVitie'S Digestive Milk Chocola...,"₦2,500"
Knorr Seasoning Cubes Maggi X 7p...,"₦12,500"
Golden Penny Chicken Noodles 70g...,₦850
Farm Pride 12 Berry Blast Natura...,"₦2,900"
Slimtea 14 Days Detox Slimming T...,"₦2,600"
Kopi Luwak White Koffie-Instant ...,"₦3,500"
Peak Evaporated Milk - 160g - Pa...,"₦2,250"
Choosen Foods 100%Avocado Oil 1 ...,"₦14,999"
Organic Oat Flakes - 454g,"₦7,450"
Legend Green Tea & Lemon With He...,"₦1,600"
Gateway Organic Coconut Flour 1k...,"₦4,999"
AACE Foods Curry Powder - 60g,₦999
Sunflower Pure Vegetable Oil - 2...,"₦3,900"
Par Excellence Long Grain Premi...,"₦23,000"
Wesson Cooking Oil-4.73litres,"₦15,500"
Quaker Old Fashioned Oats - 2 Ba...,"₦9,000"
Carton Of 3 Bottles Of Luminous ...,"₦229,999"
Pepsi Plastic Bottle Drink X 12 ...,"₦2,800"
Nestle Milo Tin- 1kg X 6,"₦21,500"
Maltina Non-Alcoholic Malt Drink...,"₦7,500"
Coca Cola Zero Sugar - 60cl X 12...,"₦3,400"
Ijebu Garri - 5kg,"₦5,000"
Remy Martin 1738 VSOP-70cl X 12 ...,"₦280,500"
Crownfield Fruit & Fibre Cereal ...,"₦4,980"
Dano Full Cream Milk Powder - 36...,"₦4,399"
Dano Full Cream - 400g,"₦2,500"
Wins Town Green Coffee Tea For W...,"₦3,900"
Organic White Chia Seeds - 15oz ...,"₦6,500"
8pm Grain Blended Whisky - 750ml...,"₦3,050"
Nestle Milo 20g - 10 Sachet Each...,"₦13,900"
Oven Smoked And Dried Catfish,"₦1,600"
Wesson Canola Vegetable Cooking...,"₦8,500"
Elkris Super Oat Swallow - 650g ...,"₦2,900"
J & W Premium Grape Wine - 750ml...,"₦8,000"
Johnnie Walker Black Label-1 Bot...,"₦19,000"
Indomie Chicken Noodles - Pack O...,"₦2,300"
Indomie Chicken Noodles - 120g -...,"₦2,600"
Skyy Vodka - 1 Litre,"₦6,500"
Chamdor Sparkling Wine - 750ml X...,"₦19,000"
Maltina Classic Drink - 33cl X 1...,"₦2,700"
Golden Penny Macaroni - 500g X 5...,"₦1,500"
Kings King'S Cooking Butter - 25...,"₦1,500"
Golden Penny Semovita - 1kg - 5 ...,"₦3,000"
Gino Pepper Onion Tomato Sachet ...,"₦1,500"
Jameson Black Barrel – 70cl X 6 ...,"₦120,600"
Power Horse Enery Drink Regular ...,"₦12,000"
Indomie Super Pack Chicken Noodl...,"₦4,700"
Garri Ijebu - Cassava Flakes - 1...,₦800
Garri Ijebu - 2kg,"₦1,400"
Devon King'S Vegetable Cooking O...,"₦4,500"
Golden Penny Spaghetti - 500g X ...,"₦5,500"
Kellogg'S Froot Loops Sweetened ...,"₦9,900"
Kellogg'S Fruit & Fibre Cereal (...,"₦5,700"
Penny Goddess White Garri - 3kg,"₦1,700"
Okomu Banga Red Palm Oil -4 Litr...,"₦4,600"
Four Cousins Natural Sweet Red W...,"₦7,999"
Spaghetti Pasta - 20pcs,"₦9,999"
Bay Leaves - Aromatic Herbs - 50...,₦700
Ijebu Garri,"₦2,700"
Heinz Tomato Ketchup,"₦3,500"
Organic Fenugreek Seed Tea Caffe...,"₦6,550"
Bob'S Red Mill Organic Steel Cut...,"₦7,450"
Golden Penny Spaghettini X 4 Pac...,"₦1,300"
"Nederburg Rose Wine 75cl, 14.47%...","₦3,530"
Blue Band Butter - 900g,"₦2,100"
Smoked Catfish - 500g,"₦3,000"
Quaker Oats 100% Natural Whole G...,"₦9,999"
Zamzam Water In 5 Liter Bottle,"₦14,250"
Liven Alkaline Coffee - Cappucci...,"₦6,000"
Ayoola Poundo Yam Flour - 0.9kg,"₦1,300"
Dano Milk & Milo - 1 Bundle,"₦2,600"
Alvita Organic Herbal Tea - Fenn...,"₦5,750"
Snoop Dogg G-Pen Blister Pack,"₦7,500"
Olmeca Tequila Gold 75cl 38% Ac...,"₦5,790"
Smart Grain Moisture Meter,"₦115,000"
Hygienically Fried Dried Cow Pom...,"₦6,999"
Smoked Catfish Steak - Cuts - 25...,"₦8,000"
Smoked Catfish Steak - Cuts - 1...,"₦16,000"
Charcoal Smoked Catfish - 3 Piec...,"₦1,500"
Firewood - Smoked Catfish - 4 Pi...,"₦2,000"
Temperature Controller 12V / 120...,"₦4,000"
Traditional Medicinals Spearmint...,"₦4,850"
Beetroot - 5kg,"₦11,800"
Fanta Shoes Cloth,"₦2,000"
Prosecco Spumante 75cl 11% Acl....,"₦4,080"
CWAY Nutrimilk - 210ml - Pack Of...,"₦2,000"
Chivita Fruit Juice - Orange X 1...,"₦10,999"
Moet & Chandon Brut Imperial - 7...,"₦24,030"
Del Diablo – Buy 6 Btls And Get ...,"₦17,400"
Flat Tummy Tea With Moringa - Ni...,"₦8,000"
Devon King'S Kings 1L X2 With Ma...,"₦3,150"
Chateau Vartely Pastoral Red Win...,"₦4,000"
Pringles 2 Varient 165g - X 4 Pc...,"₦6,000"
Unbleached All Purpose Flour - 8...,"₦41,000"
White Whole Wheat Multi Purpose ...,"₦11,500"
Nestle Milo - 900g,"₦2,700"
Hollandia Yoghurt - Plain Sweete...,"₦9,500"
Basmati Rice Suitable For Diabet...,"₦20,999"
Chikki Noodles- 1 Carton,"₦3,400"
Bardinet Curacao Syrup - 700ml,"₦8,000"
Towergate Milk Chocolate Digesti...,"₦3,999"
Lipton Green Tea Bags Mint 100 B...,"₦5,000"
Goya Adobo All Purpose Seasonin...,"₦3,800"
Hollandia Evaporated Full Cream ...,"₦5,750"
Milo Tin- 500g - Peak Milk Tin 4...,"₦7,999"
Baileys Irish Cream - 2 Bottles,"₦20,999"
Kirkland Signature Whole Almond ...,"₦12,250"
Organo Gold Black Coffee - 30 Sa...,"₦11,000"
Veleta Non Alcoholic Sparkling F...,"₦11,000"
28 Days Detox Flat Tummy Tea - 2...,"₦7,000"
Japenese Whisky - 700ml X 2,"₦35,989"
Ramadan Special Box,"₦1,300"
Titus Sardines In Vegetable Oil ...,"₦21,000"
Power Pasta Spaghetti - Slim 475...,₦700
Robinsons Fruit Squash Orange - ...,"₦4,000"
Fruit Tea Sampler Herbal Tea - 5...,"₦11,499"
Royal Stallion Rice 50kg,"₦40,000"
Unbleached Cake Flour 32oz 2lbs,"₦7,800"
Nestle Milo Active Go Energy Foo...,"₦17,000"
Cassalina Blend - Cassava Fufu F...,"₦1,900"
Legend 3 In 1 Ginger Instant Dr...,"₦3,000"
Black Gold Coffee - 100g,"₦6,500"
Mamador Buy & Win Promo - 2.5L P...,"₦3,000"
McVitie'S Hobnobs Oat Biscuits 1...,"₦2,150"
Jarrow Formulas Kirkland Signatu...,"₦10,200"
Dom Perignon Luminous -75CL,"₦450,000"
After Dark Ground Coffee - 227g,"₦4,000"
"Nasco Cornflakes, Ovaltine, Thre...","₦6,550"
Kellogg'S All-Bran Cereal 750g...,"₦5,900"
Jack Daniel'S Gentleman Jack Whi...,"₦10,830"
Cadbury Dairy Milk Chocolate Bar...,"₦4,500"
Sarah Tin Tomato Paste - 2200g X...,"₦10,500"
Golden Penny Instant Noodles & J...,₦850
Farrow'S Giant Marrowfat Peas - ...,"₦5,600"
Farrow'S Giant Marrowfat Peas - ...,"₦10,500"
Unilever Knorr Chicken Seasoning...,"₦10,500"
Lucozade Energy Drink - 500ml,"₦14,500"
Golden Terra Soya Oil - 25ltrs,"₦23,100"
Traditional Medicinals Organic P...,"₦4,850"
Bvic Tiger Nut Seed - 1kg,"₦6,500"
Dano Uht Semi-Skimmed Milk 1L,"₦5,500"
Danish Cookies,"₦5,500"
All Butter Shortbread Fingers,"₦3,499"
Speyside Single Malt Scotch Whis...,"₦34,000"
Ensure Plus Nutritional Shake Va...,"₦41,000"
Knorr Granulated Chicken Bouillo...,"₦6,400"
Nestle Golden Morn - 900g,"₦2,499"
Valentine Sweet Box - 900g,"₦6,999"
M&Ms Valentine Box Of Chocolate ...,"₦25,999"
M&Ms Valentine Box Of Chocolate ...,"₦14,999"
Oron Dry Shrimp Crayfish - 500g...,"₦6,000"
Nespresso Volluto Coffee Capsule...,"₦4,200"
Fanta Orange Can Drink - 33cl X ...,"₦1,300"
"AACE Foods Curry, Thyme And Chic...","₦1,999"
Gino Peppe & Onion Tomato Paste ...,"₦8,350"
14 Days Effective Detox Cleanse ...,"₦1,800"
Veleta Non Alcoholic Sparkling W...,"₦8,500"
"28-Day Slimming Detox Tea, Weigh...","₦2,300"
Patron Reposado Tequila - 70cl X...,"₦179,990"
Bigelow Lemon Ginger Herbal Tea ...,"₦3,200"
Aznauri Champagne Brut - 1 UNIT,"₦2,900"
Tasty Smoked Dried Fish- 250g,"₦2,600"
Coca Cola Sprite - 1 Litre X 12...,"₦9,000"
Nestle Pure Life Table Water Re...,"₦4,500"
Provisions Package,"₦14,999"
Indomie Onion Chicken Noodles - ...,"₦3,750"
Amstel Malta Non-Alcoholic Drink...,"₦7,500"
Caprice - 5kg X 3 Bags And Kings...,"₦20,000"
Quinoa & Basmati Whole Grain Mix...,"₦6,500"
Maltina Non Alcoholic Malt Drink...,"₦4,440"
Pepsi Drink - 50cl X 12,"₦1,750"
